--
-- PostgreSQL database dump
--

-- Dumped from database version 14.8 (Ubuntu 14.8-0ubuntu0.22.04.1)
-- Dumped by pg_dump version 14.8

SET statement_timeout = 0;
SET lock_timeout = 0;
SET idle_in_transaction_session_timeout = 0;
SET client_encoding = 'UTF8';
SET standard_conforming_strings = on;
SELECT pg_catalog.set_config('search_path', '', false);
SET check_function_bodies = false;
SET xmloption = content;
SET client_min_messages = warning;
SET row_security = off;

SET default_tablespace = '';

SET default_table_access_method = heap;

--
-- Name: customers; Type: TABLE; Schema: public; Owner: myuser
--

CREATE TABLE public.customers (
    customer_id integer NOT NULL,
    customer_name character varying(100),
    phone_number character varying(100),
    email character varying(100)
);


ALTER TABLE public.customers OWNER TO myuser;

--
-- Name: customers_customer_id_seq; Type: SEQUENCE; Schema: public; Owner: myuser
--

CREATE SEQUENCE public.customers_customer_id_seq
    AS integer
    START WITH 1
    INCREMENT BY 1
    NO MINVALUE
    NO MAXVALUE
    CACHE 1;


ALTER TABLE public.customers_customer_id_seq OWNER TO myuser;

--
-- Name: customers_customer_id_seq; Type: SEQUENCE OWNED BY; Schema: public; Owner: myuser
--

ALTER SEQUENCE public.customers_customer_id_seq OWNED BY public.customers.customer_id;


--
-- Name: departments; Type: TABLE; Schema: public; Owner: myuser
--

CREATE TABLE public.departments (
    department_id integer NOT NULL,
    department_name character varying(100)
);


ALTER TABLE public.departments OWNER TO myuser;

--
-- Name: departments_department_id_seq; Type: SEQUENCE; Schema: public; Owner: myuser
--

CREATE SEQUENCE public.departments_department_id_seq
    AS integer
    START WITH 1
    INCREMENT BY 1
    NO MINVALUE
    NO MAXVALUE
    CACHE 1;


ALTER TABLE public.departments_department_id_seq OWNER TO myuser;

--
-- Name: departments_department_id_seq; Type: SEQUENCE OWNED BY; Schema: public; Owner: myuser
--

ALTER SEQUENCE public.departments_department_id_seq OWNED BY public.departments.department_id;


--
-- Name: employees; Type: TABLE; Schema: public; Owner: myuser
--

CREATE TABLE public.employees (
    employee_id integer NOT NULL,
    first_name character varying(100),
    last_name character varying(100),
    job_id integer
);


ALTER TABLE public.employees OWNER TO myuser;

--
-- Name: employees_employee_id_seq; Type: SEQUENCE; Schema: public; Owner: myuser
--

CREATE SEQUENCE public.employees_employee_id_seq
    AS integer
    START WITH 1
    INCREMENT BY 1
    NO MINVALUE
    NO MAXVALUE
    CACHE 1;


ALTER TABLE public.employees_employee_id_seq OWNER TO myuser;

--
-- Name: employees_employee_id_seq; Type: SEQUENCE OWNED BY; Schema: public; Owner: myuser
--

ALTER SEQUENCE public.employees_employee_id_seq OWNED BY public.employees.employee_id;


--
-- Name: jobs; Type: TABLE; Schema: public; Owner: myuser
--

CREATE TABLE public.jobs (
    job_id integer NOT NULL,
    job_name character varying(100),
    department_id integer
);


ALTER TABLE public.jobs OWNER TO myuser;

--
-- Name: jobs_job_id_seq; Type: SEQUENCE; Schema: public; Owner: myuser
--

CREATE SEQUENCE public.jobs_job_id_seq
    AS integer
    START WITH 1
    INCREMENT BY 1
    NO MINVALUE
    NO MAXVALUE
    CACHE 1;


ALTER TABLE public.jobs_job_id_seq OWNER TO myuser;

--
-- Name: jobs_job_id_seq; Type: SEQUENCE OWNED BY; Schema: public; Owner: myuser
--

ALTER SEQUENCE public.jobs_job_id_seq OWNED BY public.jobs.job_id;


--
-- Name: projects; Type: TABLE; Schema: public; Owner: myuser
--

CREATE TABLE public.projects (
    project_id integer NOT NULL,
    project_name character varying(100),
    manager_id integer,
    consultant_id integer,
    customer_id integer,
    end_date date,
    price integer
);


ALTER TABLE public.projects OWNER TO myuser;

--
-- Name: projects_project_id_seq; Type: SEQUENCE; Schema: public; Owner: myuser
--

CREATE SEQUENCE public.projects_project_id_seq
    AS integer
    START WITH 1
    INCREMENT BY 1
    NO MINVALUE
    NO MAXVALUE
    CACHE 1;


ALTER TABLE public.projects_project_id_seq OWNER TO myuser;

--
-- Name: projects_project_id_seq; Type: SEQUENCE OWNED BY; Schema: public; Owner: myuser
--

ALTER SEQUENCE public.projects_project_id_seq OWNED BY public.projects.project_id;


--
-- Name: customers customer_id; Type: DEFAULT; Schema: public; Owner: myuser
--

ALTER TABLE ONLY public.customers ALTER COLUMN customer_id SET DEFAULT nextval('public.customers_customer_id_seq'::regclass);


--
-- Name: departments department_id; Type: DEFAULT; Schema: public; Owner: myuser
--

ALTER TABLE ONLY public.departments ALTER COLUMN department_id SET DEFAULT nextval('public.departments_department_id_seq'::regclass);


--
-- Name: employees employee_id; Type: DEFAULT; Schema: public; Owner: myuser
--

ALTER TABLE ONLY public.employees ALTER COLUMN employee_id SET DEFAULT nextval('public.employees_employee_id_seq'::regclass);


--
-- Name: jobs job_id; Type: DEFAULT; Schema: public; Owner: myuser
--

ALTER TABLE ONLY public.jobs ALTER COLUMN job_id SET DEFAULT nextval('public.jobs_job_id_seq'::regclass);


--
-- Name: projects project_id; Type: DEFAULT; Schema: public; Owner: myuser
--

ALTER TABLE ONLY public.projects ALTER COLUMN project_id SET DEFAULT nextval('public.projects_project_id_seq'::regclass);


--
-- Data for Name: customers; Type: TABLE DATA; Schema: public; Owner: myuser
--

COPY public.customers (customer_id, customer_name, phone_number, email) FROM stdin;
1	Анастасия Зайцева	2222222222	anastasia
2	Иван Иванов	3433493349	ivan
4	Мария Алексеева	7223224245	mail
6	Алексей Романов	7223784245	mail
8	Петр Петров	7223734847	mailpetr
9	Петр Иванов	7223734111	mailpt
11	Егор Крид	1234567890	creedmail
12	Стас Михайлов	1544567890	mail
13	Азалия Гилемьянова	1564566890	mail
14	Иван Алексеев	1564567844	mail
15	Алексей Рыбаков	1564567899	mail
16	Семен Семенов	9999999999	semenmail
17	Елена Воронцова	7895643452	elenamail
10	Геннадий Васильев	7869213450	genmail
\.


--
-- Data for Name: departments; Type: TABLE DATA; Schema: public; Owner: myuser
--

COPY public.departments (department_id, department_name) FROM stdin;
1	Бухгалтерия
2	Отдел кадров
3	Отдел маркетинга
4	Планово-договорной отдел
5	Бюро ГИПОВ
6	Архитектурный отдел
7	Конструкторский отдел
8	Инженерный отдел
9	Руководитель
\.


--
-- Data for Name: employees; Type: TABLE DATA; Schema: public; Owner: myuser
--

COPY public.employees (employee_id, first_name, last_name, job_id) FROM stdin;
1	Наталья	Иванова	1
2	Дмитрий	Петров	2
3	Екатерина	Козлова	3
4	Александр	Смирнов	4
5	Ольга	Новикова	5
6	Иван	Морозов	6
7	Андрей	Васильев	7
8	Юлия	Григорьева	8
9	Артем	Комаров	9
10	Мария	Макарова	11
\.


--
-- Data for Name: jobs; Type: TABLE DATA; Schema: public; Owner: myuser
--

COPY public.jobs (job_id, job_name, department_id) FROM stdin;
1	Бухгалтер	1
3	ГИП	5
4	Кадровик	2
5	Архитектор	6
6	Конструктор	7
7	Инженер	8
8	Маркетолог	3
9	Юрист	4
11	Генеральный директор	9
2	Главный бухгалтер	1
\.


--
-- Data for Name: projects; Type: TABLE DATA; Schema: public; Owner: myuser
--

COPY public.projects (project_id, project_name, manager_id, consultant_id, customer_id, end_date, price) FROM stdin;
1	Частный дом	10	3	14	2022-06-07	76000
2	Частный дом	10	3	14	2022-06-07	76000
3	Частный дом	10	3	14	2022-06-07	76000
4	Частный дом	10	3	14	2022-06-07	76000
5	Частный дом	10	3	14	2022-06-07	76000
6	Частный дом	10	3	14	2022-06-07	76000
7	Частный дом	10	3	14	2022-06-07	76000
8	Школа	10	3	15	2022-09-17	244000
9	Жилой комплекс	10	3	14	2022-09-21	300000
10	Музей	10	3	11	2022-06-07	30000
11	Частный дом	10	3	10	2022-11-07	80000
12	Университет	10	3	9	2022-06-07	500000
13	Детский сад	10	3	8	2022-06-07	56000
15	Частный дом	10	3	6	2022-06-07	30000
17	Торговый центр	10	3	4	2022-06-21	89000
19	Жилой комплекс	10	3	2	2022-06-10	110000
20	Частный дом	10	3	1	2022-07-15	89000
21	Частный дом	10	3	14	2022-06-07	76000
22	Частный дом	10	3	14	2022-06-07	76000
23	Частный дом	10	3	14	2022-06-07	76000
24	Частный дом	10	3	14	2022-06-07	76000
25	Частный дом	10	3	14	2022-06-07	76000
26	Частный дом	10	3	14	2022-06-07	76000
27	Частный дом	10	3	14	2022-06-07	76000
28	Школа	10	3	15	2022-09-17	244000
29	Жилой комплекс	10	3	14	2022-09-21	300000
30	Музей	10	3	11	2022-06-07	30000
31	Частный дом	10	3	10	2022-11-07	80000
32	Университет	10	3	9	2022-06-07	500000
33	Детский сад	10	3	8	2022-06-07	56000
35	Частный дом	10	3	6	2022-06-07	30000
37	Торговый центр	10	3	4	2022-06-21	89000
39	Жилой комплекс	10	3	2	2022-06-10	110000
40	Частный дом	10	3	1	2022-07-15	89000
41	Частный дом	10	3	14	2022-06-07	76000
42	Частный дом	10	3	14	2022-06-07	76000
43	Частный дом	10	3	14	2022-06-07	76000
44	Частный дом	10	3	14	2022-06-07	76000
45	Частный дом	10	3	14	2022-06-07	76000
46	Частный дом	10	3	14	2022-06-07	76000
47	Частный дом	10	3	14	2022-06-07	76000
48	Школа	10	3	15	2022-09-17	244000
49	Жилой комплекс	10	3	14	2022-09-21	300000
50	Музей	10	3	11	2022-06-07	30000
51	Частный дом	10	3	10	2022-11-07	80000
52	Университет	10	3	9	2022-06-07	500000
53	Детский сад	10	3	8	2022-06-07	56000
55	Частный дом	10	3	6	2022-06-07	30000
57	Торговый центр	10	3	4	2022-06-21	89000
59	Жилой комплекс	10	3	2	2022-06-10	110000
60	Частный дом	10	3	1	2022-07-15	89000
61	Частный дом	10	3	14	2022-06-07	76000
62	Частный дом	10	3	14	2022-06-07	76000
63	Частный дом	10	3	14	2022-06-07	76000
64	Частный дом	10	3	14	2022-06-07	76000
65	Частный дом	10	3	14	2022-06-07	76000
66	Частный дом	10	3	14	2022-06-07	76000
67	Частный дом	10	3	14	2022-06-07	76000
68	Школа	10	3	15	2022-09-17	244000
69	Жилой комплекс	10	3	14	2022-09-21	300000
70	Музей	10	3	11	2022-06-07	30000
71	Частный дом	10	3	10	2022-11-07	80000
72	Университет	10	3	9	2022-06-07	500000
73	Детский сад	10	3	8	2022-06-07	56000
75	Частный дом	10	3	6	2022-06-07	30000
77	Торговый центр	10	3	4	2022-06-21	89000
79	Жилой комплекс	10	3	2	2022-06-10	110000
80	Частный дом	10	3	1	2022-07-15	89000
81	Частный дом	10	3	14	2022-06-07	76000
82	Частный дом	10	3	14	2022-06-07	76000
83	Частный дом	10	3	14	2022-06-07	76000
84	Частный дом	10	3	14	2022-06-07	76000
85	Частный дом	10	3	14	2022-06-07	76000
86	Частный дом	10	3	14	2022-06-07	76000
87	Частный дом	10	3	14	2022-06-07	76000
88	Школа	10	3	15	2022-09-17	244000
89	Жилой комплекс	10	3	14	2022-09-21	300000
90	Музей	10	3	11	2022-06-07	30000
91	Частный дом	10	3	10	2022-11-07	80000
92	Университет	10	3	9	2022-06-07	500000
95	Частный дом	10	3	6	2022-06-07	30000
97	Торговый центр	10	3	4	2022-06-21	89000
99	Жилой комплекс	10	3	2	2022-06-10	110000
100	Частный дом	10	3	1	2022-07-15	89000
101	Частный дом	10	3	14	2022-06-07	76000
102	Частный дом	10	3	14	2022-06-07	76000
104	Частный дом	10	3	14	2022-06-07	76000
105	Частный дом	10	3	14	2022-06-07	76000
106	Частный дом	10	3	14	2022-06-07	76000
107	Частный дом	10	3	14	2022-06-07	76000
108	Школа	10	3	15	2022-09-17	244000
109	Жилой комплекс	10	3	14	2022-09-21	300000
110	Музей	10	3	11	2022-06-07	30000
111	Частный дом	10	3	10	2022-11-07	80000
112	Университет	10	3	9	2022-06-07	500000
113	Детский сад	10	3	8	2022-06-07	56000
115	Частный дом	10	3	6	2022-06-07	30000
117	Торговый центр	10	3	4	2022-06-21	89000
119	Жилой комплекс	10	3	2	2022-06-10	110000
120	Частный дом	10	3	1	2022-07-15	89000
121	Частный дом	10	3	14	2022-06-07	76000
122	Частный дом	10	3	14	2022-06-07	76000
123	Частный дом	10	3	14	2022-06-07	76000
124	Частный дом	10	3	14	2022-06-07	76000
125	Частный дом	10	3	14	2022-06-07	76000
126	Частный дом	10	3	14	2022-06-07	76000
127	Частный дом	10	3	14	2022-06-07	76000
128	Школа	10	3	15	2022-09-17	244000
129	Жилой комплекс	10	3	14	2022-09-21	300000
130	Музей	10	3	11	2022-06-07	30000
131	Частный дом	10	3	10	2022-11-07	80000
132	Университет	10	3	9	2022-06-07	500000
133	Детский сад	10	3	8	2022-06-07	56000
135	Частный дом	10	3	6	2022-06-07	30000
137	Торговый центр	10	3	4	2022-06-21	89000
139	Жилой комплекс	10	3	2	2022-06-10	110000
140	Частный дом	10	3	1	2022-07-15	89000
141	Частный дом	10	3	14	2022-06-07	76000
142	Частный дом	10	3	14	2022-06-07	76000
143	Частный дом	10	3	14	2022-06-07	76000
144	Частный дом	10	3	14	2022-06-07	76000
145	Частный дом	10	3	14	2022-06-07	76000
146	Частный дом	10	3	14	2022-06-07	76000
147	Частный дом	10	3	14	2022-06-07	76000
148	Школа	10	3	15	2022-09-17	244000
149	Жилой комплекс	10	3	14	2022-09-21	300000
150	Музей	10	3	11	2022-06-07	30000
151	Частный дом	10	3	10	2022-11-07	80000
152	Университет	10	3	9	2022-06-07	500000
153	Детский сад	10	3	8	2022-06-07	56000
155	Частный дом	10	3	6	2022-06-07	30000
157	Торговый центр	10	3	4	2022-06-21	89000
159	Жилой комплекс	10	3	2	2022-06-10	110000
160	Частный дом	10	3	1	2022-07-15	89000
161	Частный дом	10	3	14	2022-06-07	76000
162	Частный дом	10	3	14	2022-06-07	76000
163	Частный дом	10	3	14	2022-06-07	76000
164	Частный дом	10	3	14	2022-06-07	76000
165	Частный дом	10	3	14	2022-06-07	76000
166	Частный дом	10	3	14	2022-06-07	76000
167	Частный дом	10	3	14	2022-06-07	76000
168	Школа	10	3	15	2022-09-17	244000
169	Жилой комплекс	10	3	14	2022-09-21	300000
170	Музей	10	3	11	2022-06-07	30000
171	Частный дом	10	3	10	2022-11-07	80000
172	Университет	10	3	9	2022-06-07	500000
173	Детский сад	10	3	8	2022-06-07	56000
175	Частный дом	10	3	6	2022-06-07	30000
177	Торговый центр	10	3	4	2022-06-21	89000
179	Жилой комплекс	10	3	2	2022-06-10	110000
180	Частный дом	10	3	1	2022-07-15	89000
181	Частный дом	10	3	14	2022-06-07	76000
182	Частный дом	10	3	14	2022-06-07	76000
183	Частный дом	10	3	14	2022-06-07	76000
184	Частный дом	10	3	14	2022-06-07	76000
185	Частный дом	10	3	14	2022-06-07	76000
186	Частный дом	10	3	14	2022-06-07	76000
187	Частный дом	10	3	14	2022-06-07	76000
188	Школа	10	3	15	2022-09-17	244000
189	Жилой комплекс	10	3	14	2022-09-21	300000
190	Музей	10	3	11	2022-06-07	30000
191	Частный дом	10	3	10	2022-11-07	80000
192	Университет	10	3	9	2022-06-07	500000
193	Детский сад	10	3	8	2022-06-07	56000
195	Частный дом	10	3	6	2022-06-07	30000
197	Торговый центр	10	3	4	2022-06-21	89000
199	Жилой комплекс	10	3	2	2022-06-10	110000
200	Частный дом	10	3	1	2022-07-15	89000
201	Частный дом	10	3	14	2022-06-07	76000
202	Частный дом	10	3	14	2022-06-07	76000
203	Частный дом	10	3	14	2022-06-07	76000
204	Частный дом	10	3	14	2022-06-07	76000
205	Частный дом	10	3	14	2022-06-07	76000
206	Частный дом	10	3	14	2022-06-07	76000
207	Частный дом	10	3	14	2022-06-07	76000
208	Школа	10	3	15	2022-09-17	244000
209	Жилой комплекс	10	3	14	2022-09-21	300000
210	Музей	10	3	11	2022-06-07	30000
211	Частный дом	10	3	10	2022-11-07	80000
212	Университет	10	3	9	2022-06-07	500000
213	Детский сад	10	3	8	2022-06-07	56000
215	Частный дом	10	3	6	2022-06-07	30000
217	Торговый центр	10	3	4	2022-06-21	89000
219	Жилой комплекс	10	3	2	2022-06-10	110000
220	Частный дом	10	3	1	2022-07-15	89000
221	Частный дом	10	3	14	2022-06-07	76000
222	Частный дом	10	3	14	2022-06-07	76000
223	Частный дом	10	3	14	2022-06-07	76000
224	Частный дом	10	3	14	2022-06-07	76000
225	Частный дом	10	3	14	2022-06-07	76000
226	Частный дом	10	3	14	2022-06-07	76000
227	Частный дом	10	3	14	2022-06-07	76000
228	Школа	10	3	15	2022-09-17	244000
229	Жилой комплекс	10	3	14	2022-09-21	300000
230	Музей	10	3	11	2022-06-07	30000
231	Частный дом	10	3	10	2022-11-07	80000
232	Университет	10	3	9	2022-06-07	500000
233	Детский сад	10	3	8	2022-06-07	56000
235	Частный дом	10	3	6	2022-06-07	30000
237	Торговый центр	10	3	4	2022-06-21	89000
239	Жилой комплекс	10	3	2	2022-06-10	110000
240	Частный дом	10	3	1	2022-07-15	89000
241	Частный дом	10	3	14	2022-06-07	76000
242	Частный дом	10	3	14	2022-06-07	76000
243	Частный дом	10	3	14	2022-06-07	76000
244	Частный дом	10	3	14	2022-06-07	76000
245	Частный дом	10	3	14	2022-06-07	76000
246	Частный дом	10	3	14	2022-06-07	76000
247	Частный дом	10	3	14	2022-06-07	76000
248	Школа	10	3	15	2022-09-17	244000
249	Жилой комплекс	10	3	14	2022-09-21	300000
250	Музей	10	3	11	2022-06-07	30000
251	Частный дом	10	3	10	2022-11-07	80000
252	Университет	10	3	9	2022-06-07	500000
253	Детский сад	10	3	8	2022-06-07	56000
255	Частный дом	10	3	6	2022-06-07	30000
257	Торговый центр	10	3	4	2022-06-21	89000
259	Жилой комплекс	10	3	2	2022-06-10	110000
260	Частный дом	10	3	1	2022-07-15	89000
261	Частный дом	10	3	14	2022-06-07	76000
262	Частный дом	10	3	14	2022-06-07	76000
263	Частный дом	10	3	14	2022-06-07	76000
264	Частный дом	10	3	14	2022-06-07	76000
265	Частный дом	10	3	14	2022-06-07	76000
266	Частный дом	10	3	14	2022-06-07	76000
267	Частный дом	10	3	14	2022-06-07	76000
268	Школа	10	3	15	2022-09-17	244000
269	Жилой комплекс	10	3	14	2022-09-21	300000
270	Музей	10	3	11	2022-06-07	30000
271	Частный дом	10	3	10	2022-11-07	80000
272	Университет	10	3	9	2022-06-07	500000
273	Детский сад	10	3	8	2022-06-07	56000
275	Частный дом	10	3	6	2022-06-07	30000
277	Торговый центр	10	3	4	2022-06-21	89000
279	Жилой комплекс	10	3	2	2022-06-10	110000
280	Частный дом	10	3	1	2022-07-15	89000
281	Частный дом	10	3	14	2022-06-07	76000
282	Частный дом	10	3	14	2022-06-07	76000
283	Частный дом	10	3	14	2022-06-07	76000
284	Частный дом	10	3	14	2022-06-07	76000
285	Частный дом	10	3	14	2022-06-07	76000
286	Частный дом	10	3	14	2022-06-07	76000
287	Частный дом	10	3	14	2022-06-07	76000
288	Школа	10	3	15	2022-09-17	244000
289	Жилой комплекс	10	3	14	2022-09-21	300000
290	Музей	10	3	11	2022-06-07	30000
291	Частный дом	10	3	10	2022-11-07	80000
292	Университет	10	3	9	2022-06-07	500000
293	Детский сад	10	3	8	2022-06-07	56000
295	Частный дом	10	3	6	2022-06-07	30000
297	Торговый центр	10	3	4	2022-06-21	89000
299	Жилой комплекс	10	3	2	2022-06-10	110000
300	Частный дом	10	3	1	2022-07-15	89000
301	Частный дом	10	3	14	2022-06-07	76000
302	Частный дом	10	3	14	2022-06-07	76000
303	Частный дом	10	3	14	2022-06-07	76000
304	Частный дом	10	3	14	2022-06-07	76000
305	Частный дом	10	3	14	2022-06-07	76000
306	Частный дом	10	3	14	2022-06-07	76000
307	Частный дом	10	3	14	2022-06-07	76000
308	Школа	10	3	15	2022-09-17	244000
309	Жилой комплекс	10	3	14	2022-09-21	300000
310	Музей	10	3	11	2022-06-07	30000
311	Частный дом	10	3	10	2022-11-07	80000
312	Университет	10	3	9	2022-06-07	500000
313	Детский сад	10	3	8	2022-06-07	56000
315	Частный дом	10	3	6	2022-06-07	30000
317	Торговый центр	10	3	4	2022-06-21	89000
319	Жилой комплекс	10	3	2	2022-06-10	110000
320	Частный дом	10	3	1	2022-07-15	89000
321	Частный дом	10	3	14	2022-06-07	76000
322	Частный дом	10	3	14	2022-06-07	76000
323	Частный дом	10	3	14	2022-06-07	76000
324	Частный дом	10	3	14	2022-06-07	76000
325	Частный дом	10	3	14	2022-06-07	76000
326	Частный дом	10	3	14	2022-06-07	76000
327	Частный дом	10	3	14	2022-06-07	76000
328	Школа	10	3	15	2022-09-17	244000
329	Жилой комплекс	10	3	14	2022-09-21	300000
330	Музей	10	3	11	2022-06-07	30000
331	Частный дом	10	3	10	2022-11-07	80000
332	Университет	10	3	9	2022-06-07	500000
333	Детский сад	10	3	8	2022-06-07	56000
335	Частный дом	10	3	6	2022-06-07	30000
337	Торговый центр	10	3	4	2022-06-21	89000
339	Жилой комплекс	10	3	2	2022-06-10	110000
340	Частный дом	10	3	1	2022-07-15	89000
341	Частный дом	10	3	14	2022-06-07	76000
342	Частный дом	10	3	14	2022-06-07	76000
343	Частный дом	10	3	14	2022-06-07	76000
344	Частный дом	10	3	14	2022-06-07	76000
345	Частный дом	10	3	14	2022-06-07	76000
346	Частный дом	10	3	14	2022-06-07	76000
347	Частный дом	10	3	14	2022-06-07	76000
348	Школа	10	3	15	2022-09-17	244000
349	Жилой комплекс	10	3	14	2022-09-21	300000
350	Музей	10	3	11	2022-06-07	30000
351	Частный дом	10	3	10	2022-11-07	80000
352	Университет	10	3	9	2022-06-07	500000
353	Детский сад	10	3	8	2022-06-07	56000
355	Частный дом	10	3	6	2022-06-07	30000
357	Торговый центр	10	3	4	2022-06-21	89000
359	Жилой комплекс	10	3	2	2022-06-10	110000
360	Частный дом	10	3	1	2022-07-15	89000
361	Частный дом	10	3	14	2022-06-07	76000
362	Частный дом	10	3	14	2022-06-07	76000
363	Частный дом	10	3	14	2022-06-07	76000
364	Частный дом	10	3	14	2022-06-07	76000
365	Частный дом	10	3	14	2022-06-07	76000
366	Частный дом	10	3	14	2022-06-07	76000
367	Частный дом	10	3	14	2022-06-07	76000
368	Школа	10	3	15	2022-09-17	244000
369	Жилой комплекс	10	3	14	2022-09-21	300000
370	Музей	10	3	11	2022-06-07	30000
371	Частный дом	10	3	10	2022-11-07	80000
372	Университет	10	3	9	2022-06-07	500000
373	Детский сад	10	3	8	2022-06-07	56000
375	Частный дом	10	3	6	2022-06-07	30000
377	Торговый центр	10	3	4	2022-06-21	89000
379	Жилой комплекс	10	3	2	2022-06-10	110000
380	Частный дом	10	3	1	2022-07-15	89000
381	Частный дом	10	3	14	2022-06-07	76000
382	Частный дом	10	3	14	2022-06-07	76000
383	Частный дом	10	3	14	2022-06-07	76000
384	Частный дом	10	3	14	2022-06-07	76000
385	Частный дом	10	3	14	2022-06-07	76000
386	Частный дом	10	3	14	2022-06-07	76000
387	Частный дом	10	3	14	2022-06-07	76000
388	Школа	10	3	15	2022-09-17	244000
389	Жилой комплекс	10	3	14	2022-09-21	300000
390	Музей	10	3	11	2022-06-07	30000
391	Частный дом	10	3	10	2022-11-07	80000
392	Университет	10	3	9	2022-06-07	500000
393	Детский сад	10	3	8	2022-06-07	56000
395	Частный дом	10	3	6	2022-06-07	30000
397	Торговый центр	10	3	4	2022-06-21	89000
399	Жилой комплекс	10	3	2	2022-06-10	110000
400	Частный дом	10	3	1	2022-07-15	89000
401	Частный дом	10	3	14	2022-06-07	76000
402	Частный дом	10	3	14	2022-06-07	76000
403	Частный дом	10	3	14	2022-06-07	76000
404	Частный дом	10	3	14	2022-06-07	76000
405	Частный дом	10	3	14	2022-06-07	76000
406	Частный дом	10	3	14	2022-06-07	76000
407	Частный дом	10	3	14	2022-06-07	76000
408	Школа	10	3	15	2022-09-17	244000
409	Жилой комплекс	10	3	14	2022-09-21	300000
410	Музей	10	3	11	2022-06-07	30000
411	Частный дом	10	3	10	2022-11-07	80000
412	Университет	10	3	9	2022-06-07	500000
413	Детский сад	10	3	8	2022-06-07	56000
415	Частный дом	10	3	6	2022-06-07	30000
417	Торговый центр	10	3	4	2022-06-21	89000
419	Жилой комплекс	10	3	2	2022-06-10	110000
420	Частный дом	10	3	1	2022-07-15	89000
421	Частный дом	10	3	14	2022-06-07	76000
422	Частный дом	10	3	14	2022-06-07	76000
423	Частный дом	10	3	14	2022-06-07	76000
424	Частный дом	10	3	14	2022-06-07	76000
425	Частный дом	10	3	14	2022-06-07	76000
426	Частный дом	10	3	14	2022-06-07	76000
427	Частный дом	10	3	14	2022-06-07	76000
428	Школа	10	3	15	2022-09-17	244000
429	Жилой комплекс	10	3	14	2022-09-21	300000
430	Музей	10	3	11	2022-06-07	30000
431	Частный дом	10	3	10	2022-11-07	80000
432	Университет	10	3	9	2022-06-07	500000
433	Детский сад	10	3	8	2022-06-07	56000
435	Частный дом	10	3	6	2022-06-07	30000
437	Торговый центр	10	3	4	2022-06-21	89000
439	Жилой комплекс	10	3	2	2022-06-10	110000
440	Частный дом	10	3	1	2022-07-15	89000
441	Частный дом	10	3	14	2022-06-07	76000
442	Частный дом	10	3	14	2022-06-07	76000
443	Частный дом	10	3	14	2022-06-07	76000
444	Частный дом	10	3	14	2022-06-07	76000
445	Частный дом	10	3	14	2022-06-07	76000
446	Частный дом	10	3	14	2022-06-07	76000
447	Частный дом	10	3	14	2022-06-07	76000
448	Школа	10	3	15	2022-09-17	244000
449	Жилой комплекс	10	3	14	2022-09-21	300000
450	Музей	10	3	11	2022-06-07	30000
451	Частный дом	10	3	10	2022-11-07	80000
452	Университет	10	3	9	2022-06-07	500000
453	Детский сад	10	3	8	2022-06-07	56000
455	Частный дом	10	3	6	2022-06-07	30000
457	Торговый центр	10	3	4	2022-06-21	89000
459	Жилой комплекс	10	3	2	2022-06-10	110000
460	Частный дом	10	3	1	2022-07-15	89000
461	Частный дом	10	3	14	2022-06-07	76000
462	Частный дом	10	3	14	2022-06-07	76000
463	Частный дом	10	3	14	2022-06-07	76000
464	Частный дом	10	3	14	2022-06-07	76000
465	Частный дом	10	3	14	2022-06-07	76000
466	Частный дом	10	3	14	2022-06-07	76000
467	Частный дом	10	3	14	2022-06-07	76000
468	Школа	10	3	15	2022-09-17	244000
469	Жилой комплекс	10	3	14	2022-09-21	300000
470	Музей	10	3	11	2022-06-07	30000
471	Частный дом	10	3	10	2022-11-07	80000
472	Университет	10	3	9	2022-06-07	500000
473	Детский сад	10	3	8	2022-06-07	56000
475	Частный дом	10	3	6	2022-06-07	30000
477	Торговый центр	10	3	4	2022-06-21	89000
479	Жилой комплекс	10	3	2	2022-06-10	110000
480	Частный дом	10	3	1	2022-07-15	89000
481	Частный дом	10	3	14	2022-06-07	76000
482	Частный дом	10	3	14	2022-06-07	76000
483	Частный дом	10	3	14	2022-06-07	76000
484	Частный дом	10	3	14	2022-06-07	76000
485	Частный дом	10	3	14	2022-06-07	76000
486	Частный дом	10	3	14	2022-06-07	76000
487	Частный дом	10	3	14	2022-06-07	76000
488	Школа	10	3	15	2022-09-17	244000
489	Жилой комплекс	10	3	14	2022-09-21	300000
490	Музей	10	3	11	2022-06-07	30000
491	Частный дом	10	3	10	2022-11-07	80000
492	Университет	10	3	9	2022-06-07	500000
493	Детский сад	10	3	8	2022-06-07	56000
495	Частный дом	10	3	6	2022-06-07	30000
497	Торговый центр	10	3	4	2022-06-21	89000
499	Жилой комплекс	10	3	2	2022-06-10	110000
500	Частный дом	10	3	1	2022-07-15	89000
501	Частный дом	10	3	14	2022-06-07	76000
502	Частный дом	10	3	14	2022-06-07	76000
503	Частный дом	10	3	14	2022-06-07	76000
504	Частный дом	10	3	14	2022-06-07	76000
505	Частный дом	10	3	14	2022-06-07	76000
506	Частный дом	10	3	14	2022-06-07	76000
507	Частный дом	10	3	14	2022-06-07	76000
508	Школа	10	3	15	2022-09-17	244000
509	Жилой комплекс	10	3	14	2022-09-21	300000
510	Музей	10	3	11	2022-06-07	30000
511	Частный дом	10	3	10	2022-11-07	80000
512	Университет	10	3	9	2022-06-07	500000
513	Детский сад	10	3	8	2022-06-07	56000
515	Частный дом	10	3	6	2022-06-07	30000
517	Торговый центр	10	3	4	2022-06-21	89000
519	Жилой комплекс	10	3	2	2022-06-10	110000
520	Частный дом	10	3	1	2022-07-15	89000
521	Частный дом	10	3	14	2022-06-07	76000
522	Частный дом	10	3	14	2022-06-07	76000
523	Частный дом	10	3	14	2022-06-07	76000
524	Частный дом	10	3	14	2022-06-07	76000
525	Частный дом	10	3	14	2022-06-07	76000
526	Частный дом	10	3	14	2022-06-07	76000
527	Частный дом	10	3	14	2022-06-07	76000
528	Школа	10	3	15	2022-09-17	244000
529	Жилой комплекс	10	3	14	2022-09-21	300000
530	Музей	10	3	11	2022-06-07	30000
531	Частный дом	10	3	10	2022-11-07	80000
532	Университет	10	3	9	2022-06-07	500000
533	Детский сад	10	3	8	2022-06-07	56000
535	Частный дом	10	3	6	2022-06-07	30000
537	Торговый центр	10	3	4	2022-06-21	89000
539	Жилой комплекс	10	3	2	2022-06-10	110000
540	Частный дом	10	3	1	2022-07-15	89000
541	Частный дом	10	3	14	2022-06-07	76000
542	Частный дом	10	3	14	2022-06-07	76000
543	Частный дом	10	3	14	2022-06-07	76000
544	Частный дом	10	3	14	2022-06-07	76000
545	Частный дом	10	3	14	2022-06-07	76000
546	Частный дом	10	3	14	2022-06-07	76000
547	Частный дом	10	3	14	2022-06-07	76000
548	Школа	10	3	15	2022-09-17	244000
549	Жилой комплекс	10	3	14	2022-09-21	300000
550	Музей	10	3	11	2022-06-07	30000
551	Частный дом	10	3	10	2022-11-07	80000
552	Университет	10	3	9	2022-06-07	500000
553	Детский сад	10	3	8	2022-06-07	56000
555	Частный дом	10	3	6	2022-06-07	30000
557	Торговый центр	10	3	4	2022-06-21	89000
559	Жилой комплекс	10	3	2	2022-06-10	110000
560	Частный дом	10	3	1	2022-07-15	89000
561	Частный дом	10	3	14	2022-06-07	76000
562	Частный дом	10	3	14	2022-06-07	76000
563	Частный дом	10	3	14	2022-06-07	76000
564	Частный дом	10	3	14	2022-06-07	76000
565	Частный дом	10	3	14	2022-06-07	76000
566	Частный дом	10	3	14	2022-06-07	76000
567	Частный дом	10	3	14	2022-06-07	76000
568	Школа	10	3	15	2022-09-17	244000
569	Жилой комплекс	10	3	14	2022-09-21	300000
570	Музей	10	3	11	2022-06-07	30000
571	Частный дом	10	3	10	2022-11-07	80000
572	Университет	10	3	9	2022-06-07	500000
573	Детский сад	10	3	8	2022-06-07	56000
575	Частный дом	10	3	6	2022-06-07	30000
577	Торговый центр	10	3	4	2022-06-21	89000
579	Жилой комплекс	10	3	2	2022-06-10	110000
580	Частный дом	10	3	1	2022-07-15	89000
581	Частный дом	10	3	14	2022-06-07	76000
582	Частный дом	10	3	14	2022-06-07	76000
583	Частный дом	10	3	14	2022-06-07	76000
584	Частный дом	10	3	14	2022-06-07	76000
585	Частный дом	10	3	14	2022-06-07	76000
586	Частный дом	10	3	14	2022-06-07	76000
587	Частный дом	10	3	14	2022-06-07	76000
588	Школа	10	3	15	2022-09-17	244000
589	Жилой комплекс	10	3	14	2022-09-21	300000
590	Музей	10	3	11	2022-06-07	30000
591	Частный дом	10	3	10	2022-11-07	80000
592	Университет	10	3	9	2022-06-07	500000
593	Детский сад	10	3	8	2022-06-07	56000
595	Частный дом	10	3	6	2022-06-07	30000
597	Торговый центр	10	3	4	2022-06-21	89000
599	Жилой комплекс	10	3	2	2022-06-10	110000
600	Частный дом	10	3	1	2022-07-15	89000
601	Частный дом	10	3	14	2022-06-07	76000
602	Частный дом	10	3	14	2022-06-07	76000
603	Частный дом	10	3	14	2022-06-07	76000
604	Частный дом	10	3	14	2022-06-07	76000
605	Частный дом	10	3	14	2022-06-07	76000
606	Частный дом	10	3	14	2022-06-07	76000
607	Частный дом	10	3	14	2022-06-07	76000
608	Школа	10	3	15	2022-09-17	244000
609	Жилой комплекс	10	3	14	2022-09-21	300000
610	Музей	10	3	11	2022-06-07	30000
611	Частный дом	10	3	10	2022-11-07	80000
612	Университет	10	3	9	2022-06-07	500000
613	Детский сад	10	3	8	2022-06-07	56000
615	Частный дом	10	3	6	2022-06-07	30000
617	Торговый центр	10	3	4	2022-06-21	89000
619	Жилой комплекс	10	3	2	2022-06-10	110000
620	Частный дом	10	3	1	2022-07-15	89000
621	Частный дом	10	3	14	2022-06-07	76000
622	Частный дом	10	3	14	2022-06-07	76000
623	Частный дом	10	3	14	2022-06-07	76000
624	Частный дом	10	3	14	2022-06-07	76000
625	Частный дом	10	3	14	2022-06-07	76000
626	Частный дом	10	3	14	2022-06-07	76000
627	Частный дом	10	3	14	2022-06-07	76000
628	Школа	10	3	15	2022-09-17	244000
629	Жилой комплекс	10	3	14	2022-09-21	300000
630	Музей	10	3	11	2022-06-07	30000
631	Частный дом	10	3	10	2022-11-07	80000
632	Университет	10	3	9	2022-06-07	500000
633	Детский сад	10	3	8	2022-06-07	56000
635	Частный дом	10	3	6	2022-06-07	30000
637	Торговый центр	10	3	4	2022-06-21	89000
639	Жилой комплекс	10	3	2	2022-06-10	110000
640	Частный дом	10	3	1	2022-07-15	89000
641	Частный дом	10	3	14	2022-06-07	76000
642	Частный дом	10	3	14	2022-06-07	76000
643	Частный дом	10	3	14	2022-06-07	76000
644	Частный дом	10	3	14	2022-06-07	76000
645	Частный дом	10	3	14	2022-06-07	76000
646	Частный дом	10	3	14	2022-06-07	76000
647	Частный дом	10	3	14	2022-06-07	76000
648	Школа	10	3	15	2022-09-17	244000
649	Жилой комплекс	10	3	14	2022-09-21	300000
650	Музей	10	3	11	2022-06-07	30000
651	Частный дом	10	3	10	2022-11-07	80000
652	Университет	10	3	9	2022-06-07	500000
653	Детский сад	10	3	8	2022-06-07	56000
655	Частный дом	10	3	6	2022-06-07	30000
657	Торговый центр	10	3	4	2022-06-21	89000
659	Жилой комплекс	10	3	2	2022-06-10	110000
660	Частный дом	10	3	1	2022-07-15	89000
661	Частный дом	10	3	14	2022-06-07	76000
662	Частный дом	10	3	14	2022-06-07	76000
663	Частный дом	10	3	14	2022-06-07	76000
664	Частный дом	10	3	14	2022-06-07	76000
665	Частный дом	10	3	14	2022-06-07	76000
666	Частный дом	10	3	14	2022-06-07	76000
667	Частный дом	10	3	14	2022-06-07	76000
668	Школа	10	3	15	2022-09-17	244000
669	Жилой комплекс	10	3	14	2022-09-21	300000
670	Музей	10	3	11	2022-06-07	30000
671	Частный дом	10	3	10	2022-11-07	80000
672	Университет	10	3	9	2022-06-07	500000
673	Детский сад	10	3	8	2022-06-07	56000
675	Частный дом	10	3	6	2022-06-07	30000
677	Торговый центр	10	3	4	2022-06-21	89000
679	Жилой комплекс	10	3	2	2022-06-10	110000
680	Частный дом	10	3	1	2022-07-15	89000
681	Частный дом	10	3	14	2022-06-07	76000
682	Частный дом	10	3	14	2022-06-07	76000
683	Частный дом	10	3	14	2022-06-07	76000
684	Частный дом	10	3	14	2022-06-07	76000
685	Частный дом	10	3	14	2022-06-07	76000
686	Частный дом	10	3	14	2022-06-07	76000
687	Частный дом	10	3	14	2022-06-07	76000
688	Школа	10	3	15	2022-09-17	244000
689	Жилой комплекс	10	3	14	2022-09-21	300000
690	Музей	10	3	11	2022-06-07	30000
691	Частный дом	10	3	10	2022-11-07	80000
692	Университет	10	3	9	2022-06-07	500000
693	Детский сад	10	3	8	2022-06-07	56000
695	Частный дом	10	3	6	2022-06-07	30000
697	Торговый центр	10	3	4	2022-06-21	89000
699	Жилой комплекс	10	3	2	2022-06-10	110000
700	Частный дом	10	3	1	2022-07-15	89000
701	Частный дом	10	3	14	2022-06-07	76000
702	Частный дом	10	3	14	2022-06-07	76000
703	Частный дом	10	3	14	2022-06-07	76000
704	Частный дом	10	3	14	2022-06-07	76000
705	Частный дом	10	3	14	2022-06-07	76000
706	Частный дом	10	3	14	2022-06-07	76000
707	Частный дом	10	3	14	2022-06-07	76000
708	Школа	10	3	15	2022-09-17	244000
709	Жилой комплекс	10	3	14	2022-09-21	300000
710	Музей	10	3	11	2022-06-07	30000
711	Частный дом	10	3	10	2022-11-07	80000
712	Университет	10	3	9	2022-06-07	500000
713	Детский сад	10	3	8	2022-06-07	56000
715	Частный дом	10	3	6	2022-06-07	30000
717	Торговый центр	10	3	4	2022-06-21	89000
719	Жилой комплекс	10	3	2	2022-06-10	110000
720	Частный дом	10	3	1	2022-07-15	89000
721	Частный дом	10	3	14	2022-06-07	76000
722	Частный дом	10	3	14	2022-06-07	76000
723	Частный дом	10	3	14	2022-06-07	76000
724	Частный дом	10	3	14	2022-06-07	76000
725	Частный дом	10	3	14	2022-06-07	76000
726	Частный дом	10	3	14	2022-06-07	76000
727	Частный дом	10	3	14	2022-06-07	76000
728	Школа	10	3	15	2022-09-17	244000
729	Жилой комплекс	10	3	14	2022-09-21	300000
730	Музей	10	3	11	2022-06-07	30000
731	Частный дом	10	3	10	2022-11-07	80000
732	Университет	10	3	9	2022-06-07	500000
733	Детский сад	10	3	8	2022-06-07	56000
735	Частный дом	10	3	6	2022-06-07	30000
737	Торговый центр	10	3	4	2022-06-21	89000
739	Жилой комплекс	10	3	2	2022-06-10	110000
740	Частный дом	10	3	1	2022-07-15	89000
741	Частный дом	10	3	14	2022-06-07	76000
742	Частный дом	10	3	14	2022-06-07	76000
743	Частный дом	10	3	14	2022-06-07	76000
744	Частный дом	10	3	14	2022-06-07	76000
745	Частный дом	10	3	14	2022-06-07	76000
746	Частный дом	10	3	14	2022-06-07	76000
747	Частный дом	10	3	14	2022-06-07	76000
748	Школа	10	3	15	2022-09-17	244000
749	Жилой комплекс	10	3	14	2022-09-21	300000
750	Музей	10	3	11	2022-06-07	30000
751	Частный дом	10	3	10	2022-11-07	80000
752	Университет	10	3	9	2022-06-07	500000
753	Детский сад	10	3	8	2022-06-07	56000
755	Частный дом	10	3	6	2022-06-07	30000
757	Торговый центр	10	3	4	2022-06-21	89000
759	Жилой комплекс	10	3	2	2022-06-10	110000
760	Частный дом	10	3	1	2022-07-15	89000
761	Частный дом	10	3	14	2022-06-07	76000
762	Частный дом	10	3	14	2022-06-07	76000
763	Частный дом	10	3	14	2022-06-07	76000
764	Частный дом	10	3	14	2022-06-07	76000
765	Частный дом	10	3	14	2022-06-07	76000
766	Частный дом	10	3	14	2022-06-07	76000
767	Частный дом	10	3	14	2022-06-07	76000
768	Школа	10	3	15	2022-09-17	244000
769	Жилой комплекс	10	3	14	2022-09-21	300000
770	Музей	10	3	11	2022-06-07	30000
771	Частный дом	10	3	10	2022-11-07	80000
772	Университет	10	3	9	2022-06-07	500000
773	Детский сад	10	3	8	2022-06-07	56000
775	Частный дом	10	3	6	2022-06-07	30000
777	Торговый центр	10	3	4	2022-06-21	89000
779	Жилой комплекс	10	3	2	2022-06-10	110000
780	Частный дом	10	3	1	2022-07-15	89000
781	Частный дом	10	3	14	2022-06-07	76000
782	Частный дом	10	3	14	2022-06-07	76000
783	Частный дом	10	3	14	2022-06-07	76000
784	Частный дом	10	3	14	2022-06-07	76000
785	Частный дом	10	3	14	2022-06-07	76000
786	Частный дом	10	3	14	2022-06-07	76000
787	Частный дом	10	3	14	2022-06-07	76000
788	Школа	10	3	15	2022-09-17	244000
789	Жилой комплекс	10	3	14	2022-09-21	300000
790	Музей	10	3	11	2022-06-07	30000
791	Частный дом	10	3	10	2022-11-07	80000
792	Университет	10	3	9	2022-06-07	500000
793	Детский сад	10	3	8	2022-06-07	56000
795	Частный дом	10	3	6	2022-06-07	30000
797	Торговый центр	10	3	4	2022-06-21	89000
799	Жилой комплекс	10	3	2	2022-06-10	110000
800	Частный дом	10	3	1	2022-07-15	89000
801	Частный дом	10	3	14	2022-06-07	76000
802	Частный дом	10	3	14	2022-06-07	76000
803	Частный дом	10	3	14	2022-06-07	76000
804	Частный дом	10	3	14	2022-06-07	76000
805	Частный дом	10	3	14	2022-06-07	76000
806	Частный дом	10	3	14	2022-06-07	76000
807	Частный дом	10	3	14	2022-06-07	76000
808	Школа	10	3	15	2022-09-17	244000
809	Жилой комплекс	10	3	14	2022-09-21	300000
810	Музей	10	3	11	2022-06-07	30000
811	Частный дом	10	3	10	2022-11-07	80000
812	Университет	10	3	9	2022-06-07	500000
813	Детский сад	10	3	8	2022-06-07	56000
815	Частный дом	10	3	6	2022-06-07	30000
817	Торговый центр	10	3	4	2022-06-21	89000
819	Жилой комплекс	10	3	2	2022-06-10	110000
820	Частный дом	10	3	1	2022-07-15	89000
821	Частный дом	10	3	14	2022-06-07	76000
822	Частный дом	10	3	14	2022-06-07	76000
823	Частный дом	10	3	14	2022-06-07	76000
824	Частный дом	10	3	14	2022-06-07	76000
825	Частный дом	10	3	14	2022-06-07	76000
826	Частный дом	10	3	14	2022-06-07	76000
827	Частный дом	10	3	14	2022-06-07	76000
828	Школа	10	3	15	2022-09-17	244000
829	Жилой комплекс	10	3	14	2022-09-21	300000
830	Музей	10	3	11	2022-06-07	30000
831	Частный дом	10	3	10	2022-11-07	80000
832	Университет	10	3	9	2022-06-07	500000
833	Детский сад	10	3	8	2022-06-07	56000
835	Частный дом	10	3	6	2022-06-07	30000
837	Торговый центр	10	3	4	2022-06-21	89000
839	Жилой комплекс	10	3	2	2022-06-10	110000
840	Частный дом	10	3	1	2022-07-15	89000
841	Частный дом	10	3	14	2022-06-07	76000
842	Частный дом	10	3	14	2022-06-07	76000
843	Частный дом	10	3	14	2022-06-07	76000
844	Частный дом	10	3	14	2022-06-07	76000
845	Частный дом	10	3	14	2022-06-07	76000
846	Частный дом	10	3	14	2022-06-07	76000
847	Частный дом	10	3	14	2022-06-07	76000
848	Школа	10	3	15	2022-09-17	244000
849	Жилой комплекс	10	3	14	2022-09-21	300000
850	Музей	10	3	11	2022-06-07	30000
851	Частный дом	10	3	10	2022-11-07	80000
852	Университет	10	3	9	2022-06-07	500000
853	Детский сад	10	3	8	2022-06-07	56000
855	Частный дом	10	3	6	2022-06-07	30000
857	Торговый центр	10	3	4	2022-06-21	89000
859	Жилой комплекс	10	3	2	2022-06-10	110000
860	Частный дом	10	3	1	2022-07-15	89000
861	Частный дом	10	3	14	2022-06-07	76000
862	Частный дом	10	3	14	2022-06-07	76000
863	Частный дом	10	3	14	2022-06-07	76000
864	Частный дом	10	3	14	2022-06-07	76000
865	Частный дом	10	3	14	2022-06-07	76000
866	Частный дом	10	3	14	2022-06-07	76000
867	Частный дом	10	3	14	2022-06-07	76000
868	Школа	10	3	15	2022-09-17	244000
869	Жилой комплекс	10	3	14	2022-09-21	300000
870	Музей	10	3	11	2022-06-07	30000
871	Частный дом	10	3	10	2022-11-07	80000
872	Университет	10	3	9	2022-06-07	500000
873	Детский сад	10	3	8	2022-06-07	56000
875	Частный дом	10	3	6	2022-06-07	30000
877	Торговый центр	10	3	4	2022-06-21	89000
879	Жилой комплекс	10	3	2	2022-06-10	110000
880	Частный дом	10	3	1	2022-07-15	89000
881	Частный дом	10	3	14	2022-06-07	76000
882	Частный дом	10	3	14	2022-06-07	76000
883	Частный дом	10	3	14	2022-06-07	76000
884	Частный дом	10	3	14	2022-06-07	76000
885	Частный дом	10	3	14	2022-06-07	76000
886	Частный дом	10	3	14	2022-06-07	76000
887	Частный дом	10	3	14	2022-06-07	76000
888	Школа	10	3	15	2022-09-17	244000
889	Жилой комплекс	10	3	14	2022-09-21	300000
890	Музей	10	3	11	2022-06-07	30000
891	Частный дом	10	3	10	2022-11-07	80000
892	Университет	10	3	9	2022-06-07	500000
893	Детский сад	10	3	8	2022-06-07	56000
895	Частный дом	10	3	6	2022-06-07	30000
897	Торговый центр	10	3	4	2022-06-21	89000
899	Жилой комплекс	10	3	2	2022-06-10	110000
900	Частный дом	10	3	1	2022-07-15	89000
901	Частный дом	10	3	14	2022-06-07	76000
902	Частный дом	10	3	14	2022-06-07	76000
903	Частный дом	10	3	14	2022-06-07	76000
904	Частный дом	10	3	14	2022-06-07	76000
905	Частный дом	10	3	14	2022-06-07	76000
906	Частный дом	10	3	14	2022-06-07	76000
907	Частный дом	10	3	14	2022-06-07	76000
908	Школа	10	3	15	2022-09-17	244000
909	Жилой комплекс	10	3	14	2022-09-21	300000
910	Музей	10	3	11	2022-06-07	30000
911	Частный дом	10	3	10	2022-11-07	80000
912	Университет	10	3	9	2022-06-07	500000
913	Детский сад	10	3	8	2022-06-07	56000
915	Частный дом	10	3	6	2022-06-07	30000
917	Торговый центр	10	3	4	2022-06-21	89000
919	Жилой комплекс	10	3	2	2022-06-10	110000
920	Частный дом	10	3	1	2022-07-15	89000
921	Частный дом	10	3	14	2022-06-07	76000
922	Частный дом	10	3	14	2022-06-07	76000
923	Частный дом	10	3	14	2022-06-07	76000
924	Частный дом	10	3	14	2022-06-07	76000
925	Частный дом	10	3	14	2022-06-07	76000
926	Частный дом	10	3	14	2022-06-07	76000
927	Частный дом	10	3	14	2022-06-07	76000
928	Школа	10	3	15	2022-09-17	244000
929	Жилой комплекс	10	3	14	2022-09-21	300000
930	Музей	10	3	11	2022-06-07	30000
931	Частный дом	10	3	10	2022-11-07	80000
932	Университет	10	3	9	2022-06-07	500000
933	Детский сад	10	3	8	2022-06-07	56000
935	Частный дом	10	3	6	2022-06-07	30000
937	Торговый центр	10	3	4	2022-06-21	89000
939	Жилой комплекс	10	3	2	2022-06-10	110000
940	Частный дом	10	3	1	2022-07-15	89000
941	Частный дом	10	3	14	2022-06-07	76000
942	Частный дом	10	3	14	2022-06-07	76000
943	Частный дом	10	3	14	2022-06-07	76000
944	Частный дом	10	3	14	2022-06-07	76000
945	Частный дом	10	3	14	2022-06-07	76000
946	Частный дом	10	3	14	2022-06-07	76000
947	Частный дом	10	3	14	2022-06-07	76000
948	Школа	10	3	15	2022-09-17	244000
949	Жилой комплекс	10	3	14	2022-09-21	300000
950	Музей	10	3	11	2022-06-07	30000
951	Частный дом	10	3	10	2022-11-07	80000
952	Университет	10	3	9	2022-06-07	500000
953	Детский сад	10	3	8	2022-06-07	56000
955	Частный дом	10	3	6	2022-06-07	30000
957	Торговый центр	10	3	4	2022-06-21	89000
959	Жилой комплекс	10	3	2	2022-06-10	110000
960	Частный дом	10	3	1	2022-07-15	89000
961	Частный дом	10	3	14	2022-06-07	76000
962	Частный дом	10	3	14	2022-06-07	76000
963	Частный дом	10	3	14	2022-06-07	76000
964	Частный дом	10	3	14	2022-06-07	76000
965	Частный дом	10	3	14	2022-06-07	76000
966	Частный дом	10	3	14	2022-06-07	76000
967	Частный дом	10	3	14	2022-06-07	76000
968	Школа	10	3	15	2022-09-17	244000
969	Жилой комплекс	10	3	14	2022-09-21	300000
970	Музей	10	3	11	2022-06-07	30000
971	Частный дом	10	3	10	2022-11-07	80000
972	Университет	10	3	9	2022-06-07	500000
973	Детский сад	10	3	8	2022-06-07	56000
975	Частный дом	10	3	6	2022-06-07	30000
977	Торговый центр	10	3	4	2022-06-21	89000
979	Жилой комплекс	10	3	2	2022-06-10	110000
980	Частный дом	10	3	1	2022-07-15	89000
981	Частный дом	10	3	14	2022-06-07	76000
982	Частный дом	10	3	14	2022-06-07	76000
983	Частный дом	10	3	14	2022-06-07	76000
984	Частный дом	10	3	14	2022-06-07	76000
985	Частный дом	10	3	14	2022-06-07	76000
986	Частный дом	10	3	14	2022-06-07	76000
987	Частный дом	10	3	14	2022-06-07	76000
988	Школа	10	3	15	2022-09-17	244000
989	Жилой комплекс	10	3	14	2022-09-21	300000
990	Музей	10	3	11	2022-06-07	30000
991	Частный дом	10	3	10	2022-11-07	80000
992	Университет	10	3	9	2022-06-07	500000
993	Детский сад	10	3	8	2022-06-07	56000
995	Частный дом	10	3	6	2022-06-07	30000
997	Торговый центр	10	3	4	2022-06-21	89000
999	Жилой комплекс	10	3	2	2022-06-10	110000
1000	Частный дом	10	3	1	2022-07-15	89000
1001	Частный дом	10	3	14	2022-06-07	76000
1002	Частный дом	10	3	14	2022-06-07	76000
1003	Частный дом	10	3	14	2022-06-07	76000
1004	Частный дом	10	3	14	2022-06-07	76000
1005	Частный дом	10	3	14	2022-06-07	76000
1006	Частный дом	10	3	14	2022-06-07	76000
1007	Частный дом	10	3	14	2022-06-07	76000
1008	Школа	10	3	15	2022-09-17	244000
1009	Жилой комплекс	10	3	14	2022-09-21	300000
1010	Музей	10	3	11	2022-06-07	30000
1011	Частный дом	10	3	10	2022-11-07	80000
1012	Университет	10	3	9	2022-06-07	500000
1013	Детский сад	10	3	8	2022-06-07	56000
1015	Частный дом	10	3	6	2022-06-07	30000
1017	Торговый центр	10	3	4	2022-06-21	89000
1019	Жилой комплекс	10	3	2	2022-06-10	110000
1020	Частный дом	10	3	1	2022-07-15	89000
1021	Частный дом	10	3	14	2022-06-07	76000
1022	Частный дом	10	3	14	2022-06-07	76000
1023	Частный дом	10	3	14	2022-06-07	76000
1024	Частный дом	10	3	14	2022-06-07	76000
1025	Частный дом	10	3	14	2022-06-07	76000
1026	Частный дом	10	3	14	2022-06-07	76000
1027	Частный дом	10	3	14	2022-06-07	76000
1028	Школа	10	3	15	2022-09-17	244000
1029	Жилой комплекс	10	3	14	2022-09-21	300000
1030	Музей	10	3	11	2022-06-07	30000
1031	Частный дом	10	3	10	2022-11-07	80000
1032	Университет	10	3	9	2022-06-07	500000
1033	Детский сад	10	3	8	2022-06-07	56000
1035	Частный дом	10	3	6	2022-06-07	30000
1037	Торговый центр	10	3	4	2022-06-21	89000
1039	Жилой комплекс	10	3	2	2022-06-10	110000
1040	Частный дом	10	3	1	2022-07-15	89000
1041	Частный дом	10	3	14	2022-06-07	76000
1042	Частный дом	10	3	14	2022-06-07	76000
1043	Частный дом	10	3	14	2022-06-07	76000
1044	Частный дом	10	3	14	2022-06-07	76000
1045	Частный дом	10	3	14	2022-06-07	76000
1046	Частный дом	10	3	14	2022-06-07	76000
1047	Частный дом	10	3	14	2022-06-07	76000
1048	Школа	10	3	15	2022-09-17	244000
1049	Жилой комплекс	10	3	14	2022-09-21	300000
1050	Музей	10	3	11	2022-06-07	30000
1051	Частный дом	10	3	10	2022-11-07	80000
1052	Университет	10	3	9	2022-06-07	500000
1053	Детский сад	10	3	8	2022-06-07	56000
1055	Частный дом	10	3	6	2022-06-07	30000
1057	Торговый центр	10	3	4	2022-06-21	89000
1059	Жилой комплекс	10	3	2	2022-06-10	110000
1060	Частный дом	10	3	1	2022-07-15	89000
1061	Частный дом	10	3	14	2022-06-07	76000
1062	Частный дом	10	3	14	2022-06-07	76000
1063	Частный дом	10	3	14	2022-06-07	76000
1064	Частный дом	10	3	14	2022-06-07	76000
1065	Частный дом	10	3	14	2022-06-07	76000
1066	Частный дом	10	3	14	2022-06-07	76000
1067	Частный дом	10	3	14	2022-06-07	76000
1068	Школа	10	3	15	2022-09-17	244000
1069	Жилой комплекс	10	3	14	2022-09-21	300000
1070	Музей	10	3	11	2022-06-07	30000
1071	Частный дом	10	3	10	2022-11-07	80000
1072	Университет	10	3	9	2022-06-07	500000
1073	Детский сад	10	3	8	2022-06-07	56000
1075	Частный дом	10	3	6	2022-06-07	30000
1077	Торговый центр	10	3	4	2022-06-21	89000
1079	Жилой комплекс	10	3	2	2022-06-10	110000
1080	Частный дом	10	3	1	2022-07-15	89000
1081	Частный дом	10	3	14	2022-06-07	76000
1082	Частный дом	10	3	14	2022-06-07	76000
1083	Частный дом	10	3	14	2022-06-07	76000
1084	Частный дом	10	3	14	2022-06-07	76000
1085	Частный дом	10	3	14	2022-06-07	76000
1086	Частный дом	10	3	14	2022-06-07	76000
1087	Частный дом	10	3	14	2022-06-07	76000
1088	Школа	10	3	15	2022-09-17	244000
1089	Жилой комплекс	10	3	14	2022-09-21	300000
1090	Музей	10	3	11	2022-06-07	30000
1091	Частный дом	10	3	10	2022-11-07	80000
1092	Университет	10	3	9	2022-06-07	500000
1093	Детский сад	10	3	8	2022-06-07	56000
1095	Частный дом	10	3	6	2022-06-07	30000
1097	Торговый центр	10	3	4	2022-06-21	89000
1099	Жилой комплекс	10	3	2	2022-06-10	110000
1100	Частный дом	10	3	1	2022-07-15	89000
1101	Частный дом	10	3	14	2022-06-07	76000
1102	Частный дом	10	3	14	2022-06-07	76000
1103	Частный дом	10	3	14	2022-06-07	76000
1104	Частный дом	10	3	14	2022-06-07	76000
1105	Частный дом	10	3	14	2022-06-07	76000
1106	Частный дом	10	3	14	2022-06-07	76000
1107	Частный дом	10	3	14	2022-06-07	76000
1108	Школа	10	3	15	2022-09-17	244000
1109	Жилой комплекс	10	3	14	2022-09-21	300000
1110	Музей	10	3	11	2022-06-07	30000
1111	Частный дом	10	3	10	2022-11-07	80000
1112	Университет	10	3	9	2022-06-07	500000
1113	Детский сад	10	3	8	2022-06-07	56000
1115	Частный дом	10	3	6	2022-06-07	30000
1117	Торговый центр	10	3	4	2022-06-21	89000
1119	Жилой комплекс	10	3	2	2022-06-10	110000
1120	Частный дом	10	3	1	2022-07-15	89000
1121	Частный дом	10	3	14	2022-06-07	76000
1122	Частный дом	10	3	14	2022-06-07	76000
1123	Частный дом	10	3	14	2022-06-07	76000
1124	Частный дом	10	3	14	2022-06-07	76000
1125	Частный дом	10	3	14	2022-06-07	76000
1126	Частный дом	10	3	14	2022-06-07	76000
1127	Частный дом	10	3	14	2022-06-07	76000
1128	Школа	10	3	15	2022-09-17	244000
1129	Жилой комплекс	10	3	14	2022-09-21	300000
1130	Музей	10	3	11	2022-06-07	30000
1131	Частный дом	10	3	10	2022-11-07	80000
1132	Университет	10	3	9	2022-06-07	500000
1133	Детский сад	10	3	8	2022-06-07	56000
1135	Частный дом	10	3	6	2022-06-07	30000
1137	Торговый центр	10	3	4	2022-06-21	89000
1139	Жилой комплекс	10	3	2	2022-06-10	110000
1140	Частный дом	10	3	1	2022-07-15	89000
1141	Частный дом	10	3	14	2022-06-07	76000
1142	Частный дом	10	3	14	2022-06-07	76000
1143	Частный дом	10	3	14	2022-06-07	76000
1144	Частный дом	10	3	14	2022-06-07	76000
1145	Частный дом	10	3	14	2022-06-07	76000
1146	Частный дом	10	3	14	2022-06-07	76000
1147	Частный дом	10	3	14	2022-06-07	76000
1148	Школа	10	3	15	2022-09-17	244000
1149	Жилой комплекс	10	3	14	2022-09-21	300000
1150	Музей	10	3	11	2022-06-07	30000
1151	Частный дом	10	3	10	2022-11-07	80000
1152	Университет	10	3	9	2022-06-07	500000
1153	Детский сад	10	3	8	2022-06-07	56000
1155	Частный дом	10	3	6	2022-06-07	30000
1157	Торговый центр	10	3	4	2022-06-21	89000
1159	Жилой комплекс	10	3	2	2022-06-10	110000
1160	Частный дом	10	3	1	2022-07-15	89000
1161	Частный дом	10	3	14	2022-06-07	76000
1162	Частный дом	10	3	14	2022-06-07	76000
1163	Частный дом	10	3	14	2022-06-07	76000
1164	Частный дом	10	3	14	2022-06-07	76000
1165	Частный дом	10	3	14	2022-06-07	76000
1166	Частный дом	10	3	14	2022-06-07	76000
1167	Частный дом	10	3	14	2022-06-07	76000
1168	Школа	10	3	15	2022-09-17	244000
1169	Жилой комплекс	10	3	14	2022-09-21	300000
1170	Музей	10	3	11	2022-06-07	30000
1171	Частный дом	10	3	10	2022-11-07	80000
1172	Университет	10	3	9	2022-06-07	500000
1173	Детский сад	10	3	8	2022-06-07	56000
1175	Частный дом	10	3	6	2022-06-07	30000
1177	Торговый центр	10	3	4	2022-06-21	89000
1179	Жилой комплекс	10	3	2	2022-06-10	110000
1180	Частный дом	10	3	1	2022-07-15	89000
1181	Частный дом	10	3	14	2022-06-07	76000
1182	Частный дом	10	3	14	2022-06-07	76000
1183	Частный дом	10	3	14	2022-06-07	76000
1184	Частный дом	10	3	14	2022-06-07	76000
1185	Частный дом	10	3	14	2022-06-07	76000
1186	Частный дом	10	3	14	2022-06-07	76000
1187	Частный дом	10	3	14	2022-06-07	76000
1188	Школа	10	3	15	2022-09-17	244000
1189	Жилой комплекс	10	3	14	2022-09-21	300000
1190	Музей	10	3	11	2022-06-07	30000
1191	Частный дом	10	3	10	2022-11-07	80000
1192	Университет	10	3	9	2022-06-07	500000
1193	Детский сад	10	3	8	2022-06-07	56000
1195	Частный дом	10	3	6	2022-06-07	30000
1197	Торговый центр	10	3	4	2022-06-21	89000
1199	Жилой комплекс	10	3	2	2022-06-10	110000
1200	Частный дом	10	3	1	2022-07-15	89000
1201	Частный дом	10	3	14	2022-06-07	76000
1202	Частный дом	10	3	14	2022-06-07	76000
1203	Частный дом	10	3	14	2022-06-07	76000
1204	Частный дом	10	3	14	2022-06-07	76000
1205	Частный дом	10	3	14	2022-06-07	76000
1206	Частный дом	10	3	14	2022-06-07	76000
1207	Частный дом	10	3	14	2022-06-07	76000
1208	Школа	10	3	15	2022-09-17	244000
1209	Жилой комплекс	10	3	14	2022-09-21	300000
1210	Музей	10	3	11	2022-06-07	30000
1211	Частный дом	10	3	10	2022-11-07	80000
1212	Университет	10	3	9	2022-06-07	500000
1213	Детский сад	10	3	8	2022-06-07	56000
1215	Частный дом	10	3	6	2022-06-07	30000
1217	Торговый центр	10	3	4	2022-06-21	89000
1219	Жилой комплекс	10	3	2	2022-06-10	110000
1220	Частный дом	10	3	1	2022-07-15	89000
1221	Частный дом	10	3	14	2022-06-07	76000
1222	Частный дом	10	3	14	2022-06-07	76000
1223	Частный дом	10	3	14	2022-06-07	76000
1224	Частный дом	10	3	14	2022-06-07	76000
1225	Частный дом	10	3	14	2022-06-07	76000
1226	Частный дом	10	3	14	2022-06-07	76000
1227	Частный дом	10	3	14	2022-06-07	76000
1228	Школа	10	3	15	2022-09-17	244000
1229	Жилой комплекс	10	3	14	2022-09-21	300000
1230	Музей	10	3	11	2022-06-07	30000
1231	Частный дом	10	3	10	2022-11-07	80000
1232	Университет	10	3	9	2022-06-07	500000
1233	Детский сад	10	3	8	2022-06-07	56000
1235	Частный дом	10	3	6	2022-06-07	30000
1237	Торговый центр	10	3	4	2022-06-21	89000
1239	Жилой комплекс	10	3	2	2022-06-10	110000
1240	Частный дом	10	3	1	2022-07-15	89000
1241	Частный дом	10	3	14	2022-06-07	76000
1242	Частный дом	10	3	14	2022-06-07	76000
1243	Частный дом	10	3	14	2022-06-07	76000
1244	Частный дом	10	3	14	2022-06-07	76000
1245	Частный дом	10	3	14	2022-06-07	76000
1246	Частный дом	10	3	14	2022-06-07	76000
1247	Частный дом	10	3	14	2022-06-07	76000
1248	Школа	10	3	15	2022-09-17	244000
1249	Жилой комплекс	10	3	14	2022-09-21	300000
1250	Музей	10	3	11	2022-06-07	30000
1251	Частный дом	10	3	10	2022-11-07	80000
1252	Университет	10	3	9	2022-06-07	500000
1253	Детский сад	10	3	8	2022-06-07	56000
1255	Частный дом	10	3	6	2022-06-07	30000
1257	Торговый центр	10	3	4	2022-06-21	89000
1259	Жилой комплекс	10	3	2	2022-06-10	110000
1260	Частный дом	10	3	1	2022-07-15	89000
1261	Частный дом	10	3	14	2022-06-07	76000
1262	Частный дом	10	3	14	2022-06-07	76000
1263	Частный дом	10	3	14	2022-06-07	76000
1264	Частный дом	10	3	14	2022-06-07	76000
1266	Частный дом	10	3	14	2022-06-07	76000
1267	Частный дом	10	3	14	2022-06-07	76000
1268	Школа	10	3	15	2022-09-17	244000
1269	Жилой комплекс	10	3	14	2022-09-21	300000
1270	Музей	10	3	11	2022-06-07	30000
1271	Частный дом	10	3	10	2022-11-07	80000
1272	Университет	10	3	9	2022-06-07	500000
1273	Детский сад	10	3	8	2022-06-07	56000
1275	Частный дом	10	3	6	2022-06-07	30000
1277	Торговый центр	10	3	4	2022-06-21	89000
1279	Жилой комплекс	10	3	2	2022-06-10	110000
1280	Частный дом	10	3	1	2022-07-15	89000
\.


--
-- Name: customers_customer_id_seq; Type: SEQUENCE SET; Schema: public; Owner: myuser
--

SELECT pg_catalog.setval('public.customers_customer_id_seq', 18, true);


--
-- Name: departments_department_id_seq; Type: SEQUENCE SET; Schema: public; Owner: myuser
--

SELECT pg_catalog.setval('public.departments_department_id_seq', 9, true);


--
-- Name: employees_employee_id_seq; Type: SEQUENCE SET; Schema: public; Owner: myuser
--

SELECT pg_catalog.setval('public.employees_employee_id_seq', 10, true);


--
-- Name: jobs_job_id_seq; Type: SEQUENCE SET; Schema: public; Owner: myuser
--

SELECT pg_catalog.setval('public.jobs_job_id_seq', 11, true);


--
-- Name: projects_project_id_seq; Type: SEQUENCE SET; Schema: public; Owner: myuser
--

SELECT pg_catalog.setval('public.projects_project_id_seq', 1280, true);


--
-- Name: customers customers_pkey; Type: CONSTRAINT; Schema: public; Owner: myuser
--

ALTER TABLE ONLY public.customers
    ADD CONSTRAINT customers_pkey PRIMARY KEY (customer_id);


--
-- Name: departments departments_pkey; Type: CONSTRAINT; Schema: public; Owner: myuser
--

ALTER TABLE ONLY public.departments
    ADD CONSTRAINT departments_pkey PRIMARY KEY (department_id);


--
-- Name: employees employees_pkey; Type: CONSTRAINT; Schema: public; Owner: myuser
--

ALTER TABLE ONLY public.employees
    ADD CONSTRAINT employees_pkey PRIMARY KEY (employee_id);


--
-- Name: jobs jobs_pkey; Type: CONSTRAINT; Schema: public; Owner: myuser
--

ALTER TABLE ONLY public.jobs
    ADD CONSTRAINT jobs_pkey PRIMARY KEY (job_id);


--
-- Name: projects projects_pkey; Type: CONSTRAINT; Schema: public; Owner: myuser
--

ALTER TABLE ONLY public.projects
    ADD CONSTRAINT projects_pkey PRIMARY KEY (project_id);


--
-- Name: employees employees_job_id_fkey; Type: FK CONSTRAINT; Schema: public; Owner: myuser
--

ALTER TABLE ONLY public.employees
    ADD CONSTRAINT employees_job_id_fkey FOREIGN KEY (job_id) REFERENCES public.jobs(job_id) ON DELETE CASCADE;


--
-- Name: jobs jobs_department_id_fkey; Type: FK CONSTRAINT; Schema: public; Owner: myuser
--

ALTER TABLE ONLY public.jobs
    ADD CONSTRAINT jobs_department_id_fkey FOREIGN KEY (department_id) REFERENCES public.departments(department_id) ON DELETE CASCADE;


--
-- Name: projects projects_consultant_id_fkey; Type: FK CONSTRAINT; Schema: public; Owner: myuser
--

ALTER TABLE ONLY public.projects
    ADD CONSTRAINT projects_consultant_id_fkey FOREIGN KEY (consultant_id) REFERENCES public.employees(employee_id) ON DELETE CASCADE;


--
-- Name: projects projects_customer_id_fkey; Type: FK CONSTRAINT; Schema: public; Owner: myuser
--

ALTER TABLE ONLY public.projects
    ADD CONSTRAINT projects_customer_id_fkey FOREIGN KEY (customer_id) REFERENCES public.customers(customer_id) ON DELETE CASCADE;


--
-- Name: projects projects_manager_id_fkey; Type: FK CONSTRAINT; Schema: public; Owner: myuser
--

ALTER TABLE ONLY public.projects
    ADD CONSTRAINT projects_manager_id_fkey FOREIGN KEY (manager_id) REFERENCES public.employees(employee_id) ON DELETE CASCADE;


--
-- PostgreSQL database dump complete
--

